"Total_Value","Year","Month","Day","Hour","Ventilation","Sokets_Plug","Lighting","Other_Electricity","Cooling","Heating"
328.688,2021,6,20,2,84.875,22.75,14.938,0,200.125,6
89.563,2021,6,11,7,18.5,10.5,6.438,0,48.375,5.75
134.751,2021,6,5,6,6,14.563,6,80.438,21.5,6.25
328.688,2021,6,16,8,84.875,22.75,14.938,0,200.125,6
199,2021,6,9,22,76.875,17.25,11.125,69.375,18.375,6
481.313,2021,6,11,20,89.75,22.563,18.25,0,344.75,6
268.5,2021,5,25,10,115,26.875,22.375,77.125,20.625,6.5
285.251,2021,5,21,15,174.875,27.625,33.313,9.563,28.625,11.25
177.501,2021,5,28,23,100.75,17.563,8.375,22.188,22.625,6
168.688,2021,6,2,19,76.125,19.438,27.125,0,39.75,6.25
7.938,2021,6,11,8,2.5,5.125,0.313,0,0,0
269.501,2021,6,9,18,72.5,31.313,29.563,85.75,44.375,6
136,2021,6,3,3,6.5,11.375,4.875,77.625,30.125,5.5
202,2021,6,9,8,79.125,18.75,9.75,70.875,17.5,6
258.001,2021,5,27,10,74.625,20.125,24.563,107.438,24.25,7
126.501,2021,6,1,2,13.875,15.375,9.188,59.188,22.875,6
256.75,2021,6,8,11,110,29.375,30.375,63,17.75,6.25
256,2021,6,3,20,47.5,32.25,30.125,122,18.125,6
125.5,2021,5,24,4,9.75,9,5.375,76.5,19.375,5.5
293.313,2021,6,11,14,42.75,32.875,36.5,0,171.688,9.5
52.626,2021,6,13,16,6.875,20.688,3.688,0,15.875,5.5
20.813,2021,6,2,8,17.875,0.563,2.375,0,0,0
269.813,2021,6,4,13,177.5,24.25,34.688,0,25.875,7.5
395.188,2021,6,4,19,32.25,21.875,26.938,0,307.625,6.5
78.501,2021,5,28,7,13.5,12.625,7.063,23.25,16.063,6
117.001,2021,6,6,1,3.5,6.563,5,82.688,14.25,5
328.688,2021,6,16,12,84.875,22.75,14.938,0,200.125,6
122.751,2021,6,9,2,13.375,17.25,5.688,62.813,17.375,6.25
328.688,2021,6,15,13,84.875,22.75,14.938,0,200.125,6
224.5,2021,6,2,21,78.625,17.125,16.75,81.125,24.875,6
328.688,2021,6,18,6,84.875,22.75,14.938,0,200.125,6
208.251,2021,5,27,22,11.5,15.563,9.313,150.125,15.5,6.25
129.751,2021,5,24,23,10.75,15.125,8.688,64.063,23.875,7.25
328.688,2021,6,15,15,84.875,22.75,14.938,0,200.125,6
117.001,2021,5,30,15,7.625,18.75,4.813,53.688,26.125,6
275.251,2021,5,31,19,99.75,30.063,30.5,80.063,29.125,5.75
61.751,2021,6,12,23,7.875,15.688,6.063,9.875,16.5,5.75
121.25,2021,6,8,1,8,11.25,2.5,77.375,16.375,5.75
15.938,2021,6,10,17,1,9.75,5.188,0,0,0
64.125,2021,6,2,17,57,1.875,5.25,0,0,0
124.626,2021,6,11,6,5.125,15.813,6.125,0,91.813,5.75
73.625,2021,5,28,11,65.375,4.5,3.75,0,0,0
265.563,2021,6,11,23,74,17.813,6.875,0,160.625,6.25
122.001,2021,6,9,1,5.625,9.813,3.375,80.063,17.125,6
149,2021,6,6,17,6.375,20.875,7.875,81.625,26.25,6
328.688,2021,6,17,20,84.875,22.75,14.938,0,200.125,6
125.75,2021,6,5,11,7,14.125,7.375,74.375,17.125,5.75
328.688,2021,6,15,8,84.875,22.75,14.938,0,200.125,6
129.251,2021,6,6,11,7.25,17.75,7.438,71.938,19.125,5.75
261.751,2021,6,7,20,65.375,27.938,28.563,105.625,28,6.25
104.25,2021,6,5,19,4.875,7.125,3,70.625,13.875,4.75
135.251,2021,6,8,6,10.125,11.313,3.438,76.25,28.375,5.75
210.751,2021,5,31,22,67.25,12.875,10.688,83.875,29.813,6.25
133.001,2021,5,23,7,3.375,8.938,5.25,87.438,16.5,11.5
281.751,2021,6,8,15,94.25,25.375,31.313,85.813,32.25,12.75
51.126,2021,5,21,20,2.125,8.188,14.813,0,5.75,20.25
237.501,2021,5,26,9,59.625,18.25,12.938,125.813,14.375,6.5
159.501,2021,5,22,0,78.5,13.188,8.875,31.563,20.875,6.5
140.751,2021,6,7,6,2.375,10.063,5.813,98.25,18,6.25
328.688,2021,6,17,3,84.875,22.75,14.938,0,200.125,6
219.751,2021,5,26,21,39.375,20.25,21.938,106.313,25.625,6.25
61.75,2021,6,13,12,5.875,21,5,3.25,20.875,5.75
28.25,2021,5,27,20,22.75,1.5,4,0,0,0
124.251,2021,6,2,1,34.25,9.625,4.813,43.125,26.688,5.75
61.5,2021,6,13,10,6.875,16.625,5.125,6,21.875,5
328.688,2021,6,17,15,84.875,22.75,14.938,0,200.125,6
80.251,2021,5,29,1,18.25,15.563,4.688,19.125,16.375,6.25
269.25,2021,6,2,18,36.875,27.625,34.375,138.625,26,5.75
224.75,2021,6,7,21,80,22,18,70.5,28,6.25
285.813,2021,6,10,18,108.5,32.375,33.063,0,106.125,5.75
138.25,2021,6,6,20,6.125,20,7,78.5,20.875,5.75
127.751,2021,5,27,1,43.375,10.313,8.25,43.438,16.625,5.75
282.001,2021,5,31,18,130.25,35.875,34.563,44.938,29.875,6.5
328.688,2021,6,18,11,84.875,22.75,14.938,0,200.125,6
63.751,2021,6,13,23,7.5,17.563,6.563,2.875,23.5,5.75
42.375,2021,6,2,11,31.125,5.75,5.5,0,0,0
263.001,2021,6,3,10,29.5,15.125,25.438,168.313,17.625,7
59.063,2021,6,12,18,6.625,12.375,5.688,0,28.875,5.5
121.25,2021,5,31,1,2.625,12,3.625,80.25,17,5.75
212.751,2021,5,23,8,9,14.438,7.125,71.438,20.5,90.25
30.063,2021,5,31,23,29,0.875,0.188,0,0,0
152.25,2021,5,26,6,10.375,12.375,4.125,87.875,19.75,17.75
121.001,2021,5,22,21,9.75,15.25,5.938,66.563,17,6.5
138.25,2021,5,30,14,4,24.875,6,71.25,25.875,6.25
182.188,2021,6,4,0,110,13.563,6.375,0,46.25,6
128.251,2021,5,25,3,7.125,9.75,7.688,81.563,15.875,6.25
328.688,2021,6,14,16,84.875,22.75,14.938,0,200.125,6
72.751,2021,5,29,10,3.125,12.563,3.688,32.5,15.125,5.75
276.251,2021,5,27,11,72.25,36.875,29.063,107.813,20,10.25
127.001,2021,6,1,5,6.25,12.563,7.75,73.188,21.25,6
143.25,2021,6,4,6,12.5,14.125,5.875,72.125,32.875,5.75
383.063,2021,6,2,16,267.375,29.25,41.688,0,38,6.75
328.688,2021,6,16,22,84.875,22.75,14.938,0,200.125,6
168.501,2021,6,9,0,39.75,14.375,5.938,77.313,25.125,6
328.688,2021,6,18,23,84.875,22.75,14.938,0,200.125,6
249.501,2021,5,28,10,79.75,20.5,24.563,98.688,18.5,7.5
328.688,2021,6,18,9,84.875,22.75,14.938,0,200.125,6
43,2021,6,4,8,40.875,1.125,1,0,0,0
191.251,2021,6,7,22,14.125,15.563,7.25,133.563,15,5.75
125.501,2021,6,8,3,5.625,11,5.063,73.75,23.563,6.5
348.126,2021,6,10,22,97.75,14.813,10.813,0,219,5.75
312.75,2021,6,3,12,4.875,40.25,43.375,196.875,17.625,9.75
133.001,2021,6,5,12,5,12.75,6.563,84.313,18.375,6
328.688,2021,6,17,12,84.875,22.75,14.938,0,200.125,6
300.5,2021,5,25,12,83.625,35.75,42.625,101.5,28.5,8.5
8.501,2021,5,29,17,2.5,2.188,3.813,0,0,0
136.001,2021,6,2,3,20.375,14.25,5.438,72.188,17.75,6
129.501,2021,5,24,7,9.375,10.563,6.313,73.5,23.75,6
61.751,2021,6,13,7,5.125,10.063,5.438,20,15.875,5.25
166.251,2021,6,1,16,45.375,27.875,35.438,33.438,16.875,7.25
133.5,2021,5,24,18,4.375,16.75,13.625,74.625,18.125,6
130.75,2021,6,6,18,5.875,18.25,5,70.25,25.625,5.75
5.751,2021,6,9,23,1.125,4.313,0.313,0,0,0
10.188,2021,5,30,2,4.375,1.063,4.75,0,0,0
233.001,2021,6,10,9,90.75,16.125,17.688,74.188,26.25,8
253.751,2021,6,9,10,78.875,16.938,19.75,101.688,29.75,6.75
33.563,2021,5,28,17,30.625,0.813,2.125,0,0,0
135.501,2021,5,30,20,5.75,22.75,7.063,68.313,25.625,6
261.251,2021,5,26,18,89.125,29,31.563,69.938,27.375,14.25
328.688,2021,6,18,4,84.875,22.75,14.938,0,200.125,6
126.251,2021,5,26,2,9.625,13.188,9.375,65.938,22.375,5.75
167.25,2021,5,21,9,53.125,16.25,22.375,52.375,13.875,9.25
233.251,2021,6,9,9,68.75,16.875,12.688,109.188,19,6.75
312,2021,5,26,13,100.25,34.625,39,76.125,55,7
294.001,2021,6,1,13,118.125,30.875,40.688,64.438,32.875,7
307.001,2021,6,3,14,144.375,28.875,45.063,45.938,34.75,8
123.75,2021,6,6,19,7.5,15,4.125,74.625,16.75,5.75
328.688,2021,6,16,1,84.875,22.75,14.938,0,200.125,6
257.751,2021,6,8,18,50.375,24.375,27.938,131.313,16.5,7.25
328.688,2021,6,17,9,84.875,22.75,14.938,0,200.125,6
328.688,2021,6,16,10,84.875,22.75,14.938,0,200.125,6
94.188,2021,6,14,8,28.875,20.125,11.313,0,28.125,5.75
22.376,2021,5,21,23,1.125,6.688,4.188,0,6.875,3.5
6.938,2021,6,1,20,1.625,0.563,4.75,0,0,0
252.251,2021,5,26,16,110,32.875,34.688,49.063,17.875,7.75
64.938,2021,6,13,15,6.875,20.313,5,0,26.75,6
328.688,2021,6,20,1,84.875,22.75,14.938,0,200.125,6
128.001,2021,6,7,2,6.875,15.563,6.938,66.375,25.75,6.5
125.251,2021,6,10,1,3.5,10.313,5.188,84.625,15.375,6.25
135.751,2021,5,23,13,10.75,23.25,6.188,62.438,26.875,6.25
106.501,2021,6,12,3,7.625,12.438,4.625,0,75.563,6.25
125.75,2021,5,29,21,8.25,12.375,4.375,74.5,20,6.25
125.25,2021,6,3,4,5.875,9.625,4.875,83.5,15.625,5.75
328.688,2021,6,16,15,84.875,22.75,14.938,0,200.125,6
124.251,2021,5,30,21,6.5,16.688,7.813,64.375,23.125,5.75
203.25,2021,6,14,9,118.125,16.375,13.25,0,48.5,7
328.688,2021,6,19,7,84.875,22.75,14.938,0,200.125,6
14.875,2021,6,10,20,1.5,8.25,5.125,0,0,0
202.001,2021,6,11,11,75.5,22.813,27.063,0,70.125,6.5
194.751,2021,6,2,22,91.625,14.188,9.875,56.313,17,5.75
151.001,2021,6,4,10,40.5,18.063,20.188,49,16.75,6.5
148.751,2021,6,12,8,5.5,11.938,4.875,0,120.688,5.75
236.251,2021,6,3,21,71,21.438,20,100.938,16.625,6.25
185.501,2021,5,26,23,46.5,15.875,10.938,88.813,17.375,6
8,2021,5,28,5,6.5,1,0.5,0,0,0
137.001,2021,6,5,20,7.25,16.938,6.938,70.625,29.25,6
297,2021,5,31,15,136,37.5,33,54.25,27.25,9
328.688,2021,6,16,16,84.875,22.75,14.938,0,200.125,6
256.751,2021,6,9,19,107.25,23.688,27.563,63,28.5,6.75
136.5,2021,5,23,6,10.625,12.625,8.5,64.25,28.5,12
122.75,2021,5,26,4,6,12.375,4.375,78.5,15.25,6.25
62.25,2021,6,12,12,7,11,4.625,0,33.375,6.25
328.688,2021,6,18,14,84.875,22.75,14.938,0,200.125,6
206.001,2021,6,11,10,89.625,21.188,20.625,0,67.813,6.75
154.501,2021,5,29,0,61.625,15.313,5.875,49.563,16.125,6
60.75,2021,6,13,11,6.25,20.125,4.875,5.75,18.5,5.25
328.688,2021,6,15,3,84.875,22.75,14.938,0,200.125,6
131.751,2021,6,7,3,3.625,12.125,4.438,86.313,18,7.25
128.251,2021,6,8,2,11,13.063,4.188,73.75,20.5,5.75
77.001,2021,6,12,6,6.25,12.438,6.375,12.188,33.75,6
120.751,2021,6,6,7,6,8.5,5.063,74.438,21.5,5.25
282.563,2021,6,11,19,39.375,20,17.438,0,202,3.75
124.751,2021,6,10,4,4.75,12.875,5.188,77.563,18.625,5.75
112.751,2021,6,6,16,7.75,18,5.438,61.188,14.625,5.75
99,2021,6,4,4,3.875,10.25,4,57.625,17.25,6
131.25,2021,5,30,1,4.75,9.375,4.75,76.5,29.625,6.25
135.751,2021,5,26,3,10.625,12.438,6,77.313,23.125,6.25
358.125,2021,6,10,19,99.125,23.5,29,0,200.5,6
164.501,2021,6,3,0,73,13.063,7.875,41.188,23.375,6
128.501,2021,5,30,12,5,20.438,5.375,67.188,24.5,6
328.688,2021,6,18,15,84.875,22.75,14.938,0,200.125,6
328.688,2021,6,19,14,84.875,22.75,14.938,0,200.125,6
234.25,2021,6,4,23,33.375,15.875,6.875,0,172.375,5.75
130.751,2021,5,22,3,9.75,13.938,7.688,78.875,14.75,5.75
328.688,2021,6,19,5,84.875,22.75,14.938,0,200.125,6
143.75,2021,6,5,2,71.625,11.875,9,16,29,6.25
328.688,2021,6,15,11,84.875,22.75,14.938,0,200.125,6
328.688,2021,6,19,22,84.875,22.75,14.938,0,200.125,6
120.001,2021,5,23,16,6.875,15.563,6.375,67.063,18.125,6
127.251,2021,5,27,4,7.75,11.688,6.875,74.688,20,6.25
328.688,2021,6,15,21,84.875,22.75,14.938,0,200.125,6
293.001,2021,6,2,12,68.75,31.313,46.5,108.625,30.813,7
271.501,2021,5,26,17,89.125,34.313,31.313,71,31.25,14.5
328.688,2021,6,19,1,84.875,22.75,14.938,0,200.125,6
189.751,2021,5,25,23,100.375,17.188,10.625,30.813,24.5,6.25
149.501,2021,6,6,21,6.375,16.875,5.438,86.938,27.875,6
328.688,2021,6,18,18,84.875,22.75,14.938,0,200.125,6
193.001,2021,6,3,23,64.875,15,7.563,75.688,23.875,6
131.251,2021,5,24,12,9.5,17.5,14.313,66.438,17.25,6.25
63.251,2021,6,14,1,5.375,12.688,5.125,11.813,22,6.25
288.25,2021,6,9,13,29,26.75,35.375,162.875,27,7.25
116.001,2021,5,30,16,5.125,14.813,4.313,70.5,15.25,6
92.001,2021,5,22,22,7.375,11.438,5.875,43.813,17,6.5
115.751,2021,6,5,22,7.375,7.563,3.313,79.625,13.125,4.75
127.501,2021,5,31,5,6.5,15.563,5.625,77.063,17.75,5
328.688,2021,6,20,3,84.875,22.75,14.938,0,200.125,6
123.501,2021,5,28,3,11.875,21.625,6.938,53.688,23.375,6
125.25,2021,5,30,13,8.625,22.125,4.75,67.25,16.75,5.75
328.688,2021,6,17,22,84.875,22.75,14.938,0,200.125,6
278.501,2021,5,26,15,73,34,37.563,95.563,27.375,11
6.313,2021,6,3,8,4,0.75,1.563,0,0,0
178.001,2021,5,24,9,10.5,12.813,13.063,67.875,17.25,56.5
289.751,2021,5,28,15,96.25,25.438,35.25,86.813,36.25,9.75
42,2021,6,13,4,5.75,9.375,3,9.5,10.375,4
310.251,2021,6,7,11,78.5,31.688,35.438,115.625,33.75,15.25
124.251,2021,5,22,12,7,10.688,7.313,69,24,6.25
328.688,2021,6,18,2,84.875,22.75,14.938,0,200.125,6
248.75,2021,5,25,19,79.625,29.25,31.25,68.375,34.5,5.75
328.688,2021,6,19,9,84.875,22.75,14.938,0,200.125,6
246.251,2021,5,26,20,80.875,24.188,26.438,76.125,31.875,6.75
164.501,2021,5,26,7,26.625,11.813,6.438,89.375,13.25,17
328.688,2021,6,20,0,84.875,22.75,14.938,0,200.125,6
328.688,2021,6,16,14,84.875,22.75,14.938,0,200.125,6
216.25,2021,5,31,8,16,13.375,10.875,151.375,18.375,6.25
328.688,2021,6,19,19,84.875,22.75,14.938,0,200.125,6
122.751,2021,5,26,1,25.75,10.375,4.438,60.688,15.25,6.25
116.751,2021,6,5,7,5.125,7.813,4.375,81.563,13.125,4.75
122.751,2021,5,30,10,5,13.313,4.375,77.5,16.313,6.25
328.688,2021,6,19,16,84.875,22.75,14.938,0,200.125,6
136.251,2021,6,7,1,6.25,8.563,4.75,90.313,21.125,5.25
272.501,2021,5,26,8,47.75,17.063,11.813,107.875,15,73
305.501,2021,5,31,11,119,43.063,34.875,73.188,28.375,7
60.501,2021,6,13,8,7,15.875,5.688,4.063,21.875,6
129.251,2021,6,5,3,57,10.438,6.125,28.063,21.875,5.75
286.501,2021,6,9,16,77.25,32.813,36.313,102.75,27.875,9.5
131,2021,5,22,7,4.75,12.625,6.875,48.125,10.625,48
131.251,2021,5,30,17,7.125,18.188,5.813,70.75,23.625,5.75
328.688,2021,6,17,18,84.875,22.75,14.938,0,200.125,6
205.001,2021,5,24,21,8.25,17.438,14.75,74.438,17.125,73
167.25,2021,5,21,10,53.125,16.25,22.375,52.375,13.875,9.25
328.688,2021,6,17,23,84.875,22.75,14.938,0,200.125,6
56.751,2021,6,12,4,4,8.375,2.563,0,38.063,3.75
35.501,2021,6,12,13,3.625,8.438,5.625,2.563,11.25,4
311.251,2021,6,1,12,52.625,31.813,38.875,160.438,21.25,6.25
77.251,2021,6,12,9,7.75,12.438,4.375,9.688,37.75,5.25
328.688,2021,6,15,19,84.875,22.75,14.938,0,200.125,6
6.938,2021,6,4,5,1.75,1.188,4,0,0,0
244.251,2021,6,8,10,66.875,18.438,17.563,118.75,15.875,6.75
140.001,2021,6,6,13,3.875,21.188,5.5,88.938,15,5.5
157.001,2021,6,8,0,71,15.313,4.313,35.75,24.625,6
121.501,2021,5,29,7,9.25,8.688,5.25,71.875,20.438,6
131.251,2021,5,24,19,5.625,21.188,13.375,59.438,25.375,6.25
231.251,2021,6,2,9,85.375,15.125,17.063,60.813,46.625,6.25
310.501,2021,6,4,12,63.75,33.063,36.125,145.563,25.5,6.5
54.313,2021,6,12,15,6.375,12.563,4.875,0,24.75,5.75
328.688,2021,6,16,11,84.875,22.75,14.938,0,200.125,6
181.251,2021,6,8,23,88.375,17.813,5.25,46.688,17.375,5.75
80.501,2021,6,11,3,7,15.813,8.313,1.25,42.125,6
140.751,2021,6,6,6,8.375,11.5,6.188,87.563,20.875,6.25
286.251,2021,6,2,13,49.125,27.563,44.875,140.375,17.563,6.75
244.001,2021,5,27,8,30.375,15.563,14.438,123.25,20.375,40
328.688,2021,6,14,19,84.875,22.75,14.938,0,200.125,6
121.251,2021,6,5,14,8.375,12.5,8.313,60.063,25.75,6.25
328.688,2021,6,19,17,84.875,22.75,14.938,0,200.125,6
17.5,2021,5,22,5,1.875,4.25,2.5,0,5.875,3
44.001,2021,6,13,1,4.75,9.438,4.25,7.438,13.625,4.5
272.501,2021,5,26,10,58.625,25.563,23.813,136.375,19.125,9
328.688,2021,6,16,19,84.875,22.75,14.938,0,200.125,6
289.251,2021,5,28,13,63,31.688,38.188,129.125,20.5,6.75
74.688,2021,6,13,21,8.375,19.75,6.063,0,34.75,5.75
141.251,2021,6,5,23,6.625,15.188,6.438,81.375,25.875,5.75
137.501,2021,5,21,22,40.75,14.75,11.063,54.313,10.125,6.5
319.501,2021,5,25,9,41.625,13.438,14.125,142.188,16.125,92
137.001,2021,5,23,5,8,13.063,8.25,77.188,19,11.5
328.688,2021,6,17,21,84.875,22.75,14.938,0,200.125,6
328.688,2021,6,18,7,84.875,22.75,14.938,0,200.125,6
139.751,2021,6,7,0,6.125,12.375,5.188,92.563,17.75,5.75
114.75,2021,6,5,18,6.75,12,4.875,49.625,35.25,6.25
328.688,2021,6,17,16,84.875,22.75,14.938,0,200.125,6
82.751,2021,5,22,10,5.75,10.375,5,45.563,10.313,5.75
328.688,2021,6,17,7,84.875,22.75,14.938,0,200.125,6
4.688,2021,6,10,5,1.375,3.125,0.188,0,0,0
120.501,2021,5,29,3,7.375,12.313,4.75,66.938,23.125,6
276.751,2021,6,3,18,86.125,24.313,40.188,89.625,30.75,5.75
290,2021,5,28,14,111.875,31.75,37.125,83.625,18.125,7.5
122.751,2021,5,31,0,4.75,13.25,4.563,75.563,18.375,6.25
128.751,2021,6,7,5,7.75,11.438,5.438,74.25,24.125,5.75
354.001,2021,6,4,21,77.75,16.5,18.063,0,235.688,6
117.751,2021,5,29,13,4.625,11.313,5.563,70.125,19.875,6.25
328.688,2021,6,14,11,84.875,22.75,14.938,0,200.125,6
128.501,2021,5,24,16,8.875,16.563,14.375,64.438,17.75,6.5
133.001,2021,5,24,17,3.75,18.063,16.188,70.75,18.25,6
181.5,2021,5,24,20,17.125,19.125,14.75,67.75,23.75,39
124.251,2021,5,22,15,10.75,15.25,6.688,64.813,21,5.75
225.501,2021,5,31,9,57,13.563,13.188,118.375,17.375,6
249.751,2021,6,11,22,60.125,11.25,8.313,0,166.063,4
264.75,2021,5,28,9,56.125,16.625,15.125,118,19.625,39.25
284.25,2021,5,21,12,76,24.75,33.125,126,17.125,7.25
83.501,2021,6,1,6,4.25,10.563,6,31.813,24.875,6
123.501,2021,5,24,15,9,15.188,14.438,61.125,17.25,6.5
132.001,2021,6,6,10,4.875,12.438,5.25,82.188,21.75,5.5
328.688,2021,6,19,12,84.875,22.75,14.938,0,200.125,6
130.5,2021,6,5,8,8.875,12.25,7.375,78.25,17.75,6
395.189,2021,6,1,21,96.5,18.938,19.938,0,254.063,5.75
125.251,2021,5,29,2,3.875,14.938,6.438,70.625,23.625,5.75
122.751,2021,5,30,5,5.625,11.125,6.563,75.563,18.125,5.75
132.251,2021,5,26,5,7.125,14,4.813,70.188,18.875,17.25
213.251,2021,5,21,21,75.375,18.438,16.938,84.625,11.125,6.75
274.251,2021,6,1,17,77.125,32.625,38.563,83.875,36.313,5.75
284.751,2021,6,10,12,109.375,32,37.063,68.063,29.5,8.75
328.688,2021,6,14,13,84.875,22.75,14.938,0,200.125,6
134,2021,5,30,11,8.625,21,6.125,69.25,23,6
37.751,2021,6,2,23,36.375,0.563,0.813,0,0,0
14.251,2021,6,4,2,2.5,1.938,9.813,0,0,0
271.001,2021,5,25,18,56.625,38.75,33.063,108.563,27.5,6.5
234.5,2021,6,4,9,52.375,15.25,18,119,23.375,6.5
127.501,2021,5,22,9,6,15.813,8,77.063,14.125,6.5
328.688,2021,6,15,23,84.875,22.75,14.938,0,200.125,6
328.688,2021,6,18,21,84.875,22.75,14.938,0,200.125,6
266.001,2021,6,2,20,94.125,25.438,26.188,75.875,38.375,6
142.501,2021,5,27,2,5.5,15.375,8.438,89.313,17.875,6
272.251,2021,6,7,17,98.25,26.375,39.5,72.188,29.688,6.25
336.001,2021,6,7,15,104.75,39.813,40.563,44.75,97.625,8.5
124.251,2021,6,3,22,27.25,12.625,8.563,59.313,10.75,5.75
289.751,2021,5,31,16,84.25,34.188,31.313,99.375,34.375,6.25
328.688,2021,6,19,2,84.875,22.75,14.938,0,200.125,6
64.251,2021,6,14,0,6.375,15.313,5.875,7.938,23,5.75
328.688,2021,6,20,4,84.875,22.75,14.938,0,200.125,6
134.501,2021,5,24,0,8.125,13.938,6.75,74.25,25.438,6
129.75,2021,6,8,5,14.75,15.625,7.75,64.875,20.5,6.25
328.688,2021,6,18,19,84.875,22.75,14.938,0,200.125,6
328.688,2021,6,16,18,84.875,22.75,14.938,0,200.125,6
119.5,2021,5,30,6,5.25,11.5,4.875,74.5,17.875,5.5
296.501,2021,6,1,15,60.125,28.313,38.375,139.188,21,9.5
165.751,2021,6,10,0,54.25,12.563,7.563,62.25,23.375,5.75
128.501,2021,5,30,22,6.25,11.875,4.188,80.438,20.25,5.5
136.001,2021,5,25,0,8.875,11.938,8,72.688,29.5,5
328.688,2021,6,15,1,84.875,22.75,14.938,0,200.125,6
328.688,2021,6,15,20,84.875,22.75,14.938,0,200.125,6
127.251,2021,5,28,1,13,9.438,4.375,78.438,15.75,6.25
328.688,2021,6,14,23,84.875,22.75,14.938,0,200.125,6
215.75,2021,6,1,22,125.25,14.375,11.625,12.5,45.75,6.25
359.501,2021,5,25,20,115.25,29.125,29.313,48.188,30.625,107
119.001,2021,6,5,1,41.5,8.688,2.75,42.438,18.625,5
328.688,2021,6,18,3,84.875,22.75,14.938,0,200.125,6
270.063,2021,6,11,13,67.625,20.875,20,0,158.063,3.5
328.688,2021,6,14,12,84.875,22.75,14.938,0,200.125,6
213.25,2021,5,21,19,27.25,22.125,27.875,77.625,10.125,48.25
328.688,2021,6,16,7,84.875,22.75,14.938,0,200.125,6
328.688,2021,6,17,13,84.875,22.75,14.938,0,200.125,6
328.688,2021,6,14,20,84.875,22.75,14.938,0,200.125,6
6.813,2021,5,28,2,1.625,0.813,4.375,0,0,0
43.501,2021,6,12,22,3.5,8.813,4.188,2.875,20.125,4
33.001,2021,6,12,19,3.875,10.688,2.563,0.625,11.25,4
126.751,2021,6,6,2,4,13.125,5.75,81.813,17.313,4.75
116.751,2021,5,29,18,3.375,11.313,8.125,62.563,25.625,5.75
35.126,2021,5,21,17,2.25,13.813,11.063,0,4.5,3.5
328.688,2021,6,18,10,84.875,22.75,14.938,0,200.125,6
124.001,2021,5,23,0,7.125,13.438,8.125,71,18.313,6
328.688,2021,6,16,5,84.875,22.75,14.938,0,200.125,6
9.188,2021,6,4,11,2.5,2.813,3.875,0,0,0
328.688,2021,6,20,7,84.875,22.75,14.938,0,200.125,6
267.001,2021,5,27,19,75.375,22.188,29.625,103.25,22.063,14.5
189.751,2021,6,8,22,41.125,16.563,8.313,99.5,18,6.25
328.688,2021,6,20,5,84.875,22.75,14.938,0,200.125,6
174.25,2021,6,1,0,44.25,27.625,8.5,64,24.625,5.25
241.251,2021,6,8,19,64.125,23.813,28.813,103.125,15.625,5.75
115.375,2021,6,12,2,5.75,15.625,6.5,0,81.5,6
273.751,2021,6,10,15,129.875,26.563,36.563,37.75,34.25,8.75
123.001,2021,6,3,1,17,10.563,5,65.625,18.813,6
552.439,2021,6,4,17,134.875,25.938,30.938,0,354.688,6
145.751,2021,5,24,10,7.5,13.563,12,85.313,21.125,6.25
140.501,2021,6,5,9,5.625,12.563,5.125,82.063,29.125,6
328.688,2021,6,19,0,84.875,22.75,14.938,0,200.125,6
284.501,2021,5,25,14,107.75,31.625,42.563,73.813,20.75,8
328.688,2021,6,15,7,84.875,22.75,14.938,0,200.125,6
157.001,2021,5,31,7,18.5,9.438,5.563,96.25,21.25,6
297.001,2021,5,25,13,88.25,29.125,42.563,102.188,27.375,7.5
190.001,2021,6,7,23,97,16.438,7.438,44.25,18.375,6.5
115.001,2021,5,23,15,9,20.563,8.375,52.563,18.5,6
124.251,2021,5,24,1,5.375,9.5,7.438,79.125,16.563,6.25
135.001,2021,5,24,13,6.75,14.5,13.438,78,16.313,6
123.751,2021,5,25,2,8,13.25,8.313,71.438,17,5.75
293.251,2021,5,31,12,26.25,43.813,35.75,162.063,16.625,8.75
124.5,2021,6,9,5,6.25,13.25,5.125,68.75,25.125,6
33.251,2021,6,12,16,3.25,8.688,4,1.563,11.5,4.25
126.501,2021,6,6,5,6.25,13.438,7.75,71.188,21.875,6
223.001,2021,6,8,9,59.75,14.313,13.125,109.813,20,6
135.751,2021,6,9,3,10.125,13.813,4.375,77.063,24.625,5.75
279.251,2021,6,1,18,69.875,24.438,37.375,104.75,36.563,6.25
119.001,2021,5,22,18,8.75,14.563,7,63.813,18.875,6
289.501,2021,5,25,16,83.875,29.563,37.563,98.875,32.125,7.5
136.75,2021,5,22,2,9.625,14,9,79.75,18.125,6.25
246.188,2021,6,12,0,46.5,14.625,6,0,173.313,5.75
21.813,2021,5,22,23,1.375,4.688,4,0,8.25,3.5
134.501,2021,5,23,10,6.5,15.063,7.063,75.25,24.625,6
49.501,2021,6,12,10,5,10.063,5,7.563,18.375,3.5
3.375,2021,5,30,4,1.875,0.5,1,0,0,0
328.688,2021,6,18,20,84.875,22.75,14.938,0,200.125,6
309.001,2021,6,7,14,46.875,49.063,42.563,95.875,66.625,8
162.5,2021,6,10,7,30.75,14.75,7,83.75,20.25,6
275.751,2021,6,8,14,166.5,30.813,32.563,0,34.125,11.75
161.752,2021,5,27,6,3,12.563,9.688,90.938,17.313,28.25
328.688,2021,6,17,11,84.875,22.75,14.938,0,200.125,6
233.251,2021,6,4,22,18,12.188,10.625,11.688,176,4.75
328.688,2021,6,19,4,84.875,22.75,14.938,0,200.125,6
90.751,2021,5,22,19,6.875,11.188,6.813,32.5,27.625,5.75
425.688,2021,6,11,17,79.375,26.75,25.313,0,288,6.25
248.501,2021,5,27,9,125.625,14.188,16,44.313,39.375,9
328.688,2021,6,17,17,84.875,22.75,14.938,0,200.125,6
64.001,2021,6,14,5,6.5,14,5.563,6.688,26.25,5
133.001,2021,5,30,0,6.375,14.438,7.563,77.75,20.875,6
16.938,2021,6,10,11,1.5,10.125,5.313,0,0,0
149.75,2021,5,25,6,9.375,13.625,8.5,80.25,27.75,10.25
176,2021,5,24,8,8.125,11.875,12.75,69.75,17.5,56
328.688,2021,6,14,18,84.875,22.75,14.938,0,200.125,6
124.501,2021,5,23,19,7.5,17.313,6.813,68.875,18,6
278.501,2021,6,8,12,19.625,27.125,32.063,175.313,17.875,6.5
160.001,2021,5,26,0,37.625,12.688,5.5,75.813,21.875,6.5
52.001,2021,6,12,7,4.75,9.125,4.063,8.938,21.125,4
129.5,2021,6,5,21,4.25,11.5,6.375,77.5,23.875,6
145.002,2021,6,10,6,8.625,25.563,6.563,69.313,28.938,6
71.375,2021,6,13,17,6.625,20.375,7.875,0,31,5.5
328.688,2021,6,17,5,84.875,22.75,14.938,0,200.125,6
8.063,2021,6,10,2,1.125,1.75,5.188,0,0,0
59.563,2021,6,13,20,5.125,19.813,6.875,0,21.5,6.25
328.688,2021,6,16,9,84.875,22.75,14.938,0,200.125,6
328.688,2021,6,18,13,84.875,22.75,14.938,0,200.125,6
161.75,2021,5,27,0,37.75,12.25,9,79.625,16.875,6.25
54.875,2021,6,12,1,5.125,10,2.75,0,33,4
122.501,2021,5,29,4,3.25,9.75,3.688,83.688,16.125,6
328.688,2021,6,15,14,84.875,22.75,14.938,0,200.125,6
169.25,2021,6,1,7,22.875,16.75,13.25,73.25,37.875,5.25
64.75,2021,6,13,3,4.875,12.125,6.875,8.375,26.25,6.25
116,2021,6,5,4,3.75,9.375,3.375,80.875,13.625,5
120.751,2021,5,23,14,8.25,25.313,8.813,52.125,20,6.25
64.752,2021,6,13,6,7.125,13.563,5.688,7.063,26.063,5.25
328.688,2021,6,17,10,84.875,22.75,14.938,0,200.125,6
328.688,2021,6,19,15,84.875,22.75,14.938,0,200.125,6
121.251,2021,6,8,4,2.875,8.5,3.938,82.625,17.063,6.25
183.75,2021,5,28,0,131.125,13.25,9.25,0,23.875,6.25
330.501,2021,5,26,12,91.75,36.438,36.563,109.125,48.625,8
77.5,2021,6,11,4,5.5,11.25,4.5,18.75,31.5,6
135.001,2021,6,5,5,8.875,13.25,7.438,74.938,24.5,6
71.251,2021,6,14,7,14.75,11.25,6.188,9.313,23.5,6.25
130.001,2021,6,5,17,5.125,13.438,5.75,79.063,20.625,6
127.75,2021,5,29,22,3.75,11.125,3.5,84,19.625,5.75
135.001,2021,6,10,3,10.75,13.938,7.125,72.688,24.5,6
20.626,2021,5,22,11,2,5.063,3.375,0,6.438,3.75
328.688,2021,6,16,21,84.875,22.75,14.938,0,200.125,6
211,2021,6,1,8,32,14.25,14.375,109.375,35,6
77.375,2021,6,1,14,68.625,1.875,6.875,0,0,0
1.751,2021,5,29,8,1,0.688,0.063,0,0,0
145.251,2021,5,23,21,9.375,18.188,6.563,61.625,26.75,22.75
328.688,2021,6,16,0,84.875,22.75,14.938,0,200.125,6
264.501,2021,6,8,13,18,27.063,32.813,163.75,15.375,7.5
124.751,2021,5,24,2,9.125,14.5,8.063,65.313,21.5,6.25
145.251,2021,6,2,6,6.375,12.188,6.938,96,18,5.75
328.688,2021,6,17,2,84.875,22.75,14.938,0,200.125,6
12.063,2021,6,9,20,1,8.188,2.875,0,0,0
133.501,2021,5,24,14,6.625,22.375,15.938,57.75,24.813,6
64.001,2021,6,14,3,5.875,12.688,5.438,13.25,19.25,7.5
328.688,2021,6,17,0,84.875,22.75,14.938,0,200.125,6
139.002,2021,5,28,6,13.75,11.563,6.188,84.188,17.313,6
141.75,2021,6,1,4,5.875,13,7.875,87.25,22,5.75
118.251,2021,5,30,18,6.375,20.5,5.188,57.813,22.125,6.25
225.751,2021,6,3,9,85.5,15.563,19.563,72.25,26.625,6.25
328.688,2021,6,20,6,84.875,22.75,14.938,0,200.125,6
7.625,2021,6,9,14,1.375,4.5,1.75,0,0,0
76.251,2021,5,22,16,11.125,10.563,5.938,16.125,26.25,6.25
61.751,2021,6,13,5,7.125,15.688,6.5,0.5,26.188,5.75
328.688,2021,6,15,4,84.875,22.75,14.938,0,200.125,6
272.251,2021,5,28,8,67.875,12.25,14.313,77.313,27.75,72.75
134.251,2021,6,1,1,19.5,12.688,5.875,68.313,22.125,5.75
33.688,2021,5,22,8,2,1.688,3.875,0,5.875,20.25
130,2021,5,25,5,6.375,13.75,9.375,72.25,17.25,11
269.751,2021,5,27,14,155.625,30.563,36.125,19.438,20.75,7.25
6.001,2021,6,11,2,1.625,3.938,0.438,0,0,0
217.751,2021,5,28,21,61.5,19.375,14.813,91.5,24.313,6.25
66.251,2021,6,14,6,7.75,13.313,5.625,3.313,30.5,5.75
128.25,2021,5,29,9,4.125,11.5,4.625,84.625,17.125,6.25
328.688,2021,6,19,18,84.875,22.75,14.938,0,200.125,6
155.501,2021,6,1,10,49.75,20.188,17.375,15.188,46,7
83.001,2021,5,23,4,7,4.75,0.313,67.438,0,3.5
34.438,2021,5,21,11,2.5,10.375,10.188,0,4.625,6.75
126,2021,6,6,8,6,13.625,6.625,75.25,18.5,6
22.125,2021,5,23,2,1.5,3.25,4.125,0,9.75,3.5
172.501,2021,5,22,6,7.5,12.813,6.938,80,17.75,47.5
129.751,2021,6,3,5,6.5,14.688,9.5,71.938,20.875,6.25
128.751,2021,6,3,2,10,13.375,5,75.813,18.813,5.75
328.688,2021,6,16,17,84.875,22.75,14.938,0,200.125,6
328.688,2021,6,17,4,84.875,22.75,14.938,0,200.125,6
187.25,2021,5,21,16,57.75,23.625,32,55.875,10.25,7.75
217.25,2021,6,7,8,49.125,16.125,16.625,95.25,25.875,14.25
328.688,2021,6,19,11,84.875,22.75,14.938,0,200.125,6
168.501,2021,6,2,0,31.125,13.375,5.875,89.938,22.188,6
114.501,2021,5,29,16,10.375,12.5,3.813,56.563,25.25,6
10.751,2021,5,29,14,4.625,0.563,5.563,0,0,0
300.25,2021,5,31,13,88.125,44.375,38.375,103.375,17.25,8.75
289,2021,5,26,11,135.125,37.875,34,48.875,24.625,8.5
23.751,2021,5,22,20,1.375,4.438,3.063,0,11.125,3.75
328.688,2021,6,15,0,84.875,22.75,14.938,0,200.125,6
328.688,2021,6,15,16,84.875,22.75,14.938,0,200.125,6
159.251,2021,6,9,7,15.625,9.188,4.625,106.563,17.5,5.75
58.313,2021,6,12,14,7.5,16,4.938,0,23.875,6
328.688,2021,6,16,2,84.875,22.75,14.938,0,200.125,6
328.688,2021,6,14,14,84.875,22.75,14.938,0,200.125,6
68.813,2021,5,27,17,63,0.438,5.375,0,0,0
121,2021,5,30,3,1.875,6,1.125,101,5,6
328.688,2021,6,19,8,84.875,22.75,14.938,0,200.125,6
119.5,2021,5,23,18,8.625,16.875,7.5,59.25,20.75,6.5
125,2021,6,9,4,5.625,9.875,3.625,78.75,21.125,6
131.751,2021,5,25,4,10.375,13.938,8.188,62.75,30.25,6.25
294.001,2021,6,3,16,78.125,23.813,42,126.313,16.75,7
132.001,2021,5,24,3,6.25,11.438,7.5,78.813,20.5,7.5
12.563,2021,6,4,14,7.875,2.688,2,0,0,0
123.751,2021,5,30,7,8.125,12.25,4.438,72.063,21.125,5.75
62.875,2021,6,13,13,6.25,25.5,4.875,0,20.75,5.5
304.501,2021,6,9,12,83.5,29.75,37.563,110.438,35.75,7.5
326.25,2021,5,26,19,74.5,23.375,30.125,91,18,89.25
130.501,2021,5,24,22,8.125,14.563,12.375,73.438,15.5,6.5
262.501,2021,5,28,16,85,31.063,32.5,88.188,18.25,7.5
9.5,2021,6,6,4,2.125,6,1.375,0,0,0
167.001,2021,5,25,7,29,11.688,9.563,86,20.75,10
7.626,2021,6,10,23,1.25,5.688,0.688,0,0,0
3.938,2021,5,29,23,2.75,0.5,0.688,0,0,0
328.688,2021,6,18,1,84.875,22.75,14.938,0,200.125,6
328.688,2021,6,18,0,84.875,22.75,14.938,0,200.125,6
121.25,2021,6,6,15,5.125,16.875,5.25,71.75,16.5,5.75
25.625,2021,5,22,14,2.125,6.875,4.875,0,8.25,3.5
439.439,2021,6,11,15,45.75,29.313,32.313,0,324.063,8
281.001,2021,5,27,18,69.125,46.5,32.375,91.563,26.938,14.5
136.751,2021,6,6,14,8.875,25.188,5.625,54.875,35.938,6.25
215.001,2021,6,1,23,31.625,16.75,7.063,131.563,22,6
91.438,2021,6,11,1,19.125,9.625,4.813,0,51.625,6.25
41.501,2021,5,21,14,3.5,11.938,14.688,0,6.625,4.75
328.688,2021,6,15,18,84.875,22.75,14.938,0,200.125,6
233.751,2021,6,9,21,74.875,20.938,20.563,78.375,32.75,6.25
141,2021,6,4,3,6,12.875,3.25,83.875,29,6
87.251,2021,5,23,1,4,9.875,6.063,43.688,17.375,6.25
121.001,2021,6,6,22,7.125,13.125,3.813,70.188,21.25,5.5
10.563,2021,6,9,17,0.75,8.625,1.188,0,0,0
22.938,2021,6,2,5,21.5,0.625,0.813,0,0,0
115.751,2021,6,5,10,4.625,7.188,3.875,81.563,13.75,4.75
111.188,2021,6,3,11,104.25,1.25,5.688,0,0,0
130.501,2021,6,6,12,5.875,21.688,3.875,75.063,18,6
456.439,2021,6,4,18,81.875,24.188,29.313,0,314.563,6.5
217.001,2021,5,26,22,122.125,18,13.438,31.813,25.625,6
156.251,2021,6,8,7,24,11.375,4.563,92.438,17.625,6.25
213.5,2021,5,25,8,63.875,11.75,11.125,103.875,10.875,12
55.313,2021,6,2,14,44.125,4.063,7.125,0,0,0
300.001,2021,6,3,15,73.875,26.563,41,114.813,35.25,8.5
193.751,2021,5,25,22,51.75,16.125,10.438,93.438,16.25,5.75
217.001,2021,6,8,8,56.625,12.438,12.313,103.125,26.5,6
223.251,2021,5,23,20,8,19.813,8.125,77.438,20.625,89.25
142.501,2021,6,7,4,7.25,12.125,7.188,85.688,25.25,5
269.001,2021,6,10,13,85.875,26.438,37.563,93.625,19,6.5
328.688,2021,6,19,21,84.875,22.75,14.938,0,200.125,6
61.001,2021,6,13,22,4.375,17,4.063,12.188,18.375,5
284.251,2021,5,27,15,49.5,24.75,32.563,143.563,25.625,8.25
254.501,2021,6,10,10,82.25,18.188,24.688,104,15.375,10
328.688,2021,6,15,17,84.875,22.75,14.938,0,200.125,6
173.75,2021,6,7,7,2.375,8.375,4.875,136.125,16.75,5.25
301.001,2021,6,7,16,80.625,34.5,36.938,80.5,62.438,6
292.25,2021,6,8,21,183.375,20.625,19,0,63.25,6
71.126,2021,6,14,2,8.75,14.438,6.438,0,35.5,6
328.688,2021,6,19,3,84.875,22.75,14.938,0,200.125,6
124.501,2021,6,2,4,19,10.313,4.75,66.063,18.375,6
25.813,2021,5,28,20,21.625,1.625,2.563,0,0,0
160.001,2021,6,3,7,14.5,9.813,6.25,105.688,17.75,6
144.251,2021,6,3,6,7.625,13.063,6.375,78.063,33.375,5.75
297.5,2021,5,21,18,48.625,26.75,32.75,122.5,18.875,48
69.75,2021,6,13,14,6.125,24,6.5,0,26.875,6.25
305.5,2021,5,28,12,134.25,28.75,37.375,65.75,32.375,7
113.001,2021,6,5,16,6.5,9.375,3.813,74.563,13.75,5
291.25,2021,5,27,12,79.25,29.125,31.25,124.125,21.25,6.25
297.5,2021,6,4,15,52.375,41.75,39.25,130.75,25.375,8
